IDPersona,Nombre,ApellidoPaterno,ApellidoMaterno,Genero
1,OLEGARIO,PARRILLA,FAVIEL,M
2,VERONICA,GALUE,OLVEDA,F
3,EMANUELLE,PINTADO,TIRADO,M
4,DOMINIQUE,LABORIN,GUEMEZ,M
5,SHAIN,ACALCO,MUSTAFAT,F
6,AKETZALI,ROUZAUD,GARVALENA,M
7,ALEXYA,SEQUEDA,GAVITO,M
8,SOID,SALAIS,TLASECA,F
9,CORALI,BEDOY,TRIVERA,M
10,NORIEL,GRANADOS,AGUEDA,F
11,YIREM,LANGO,TORRECILLA,F
12,YATZIL,MARTIGNON,SUET,F
13,MARLENI,TEPATO,CORNELIO,F
14,NICKY,CASIMIRO,BALON,F
15,KALET,DE LA PAZ,YEN,F
16,ALEKXANDER,SINGH,CATALINA,F
17,DANNAE,ZETERA,AGAPITO,F
18,ABISAI,LEMAS,LIZARRARAS,F
19,MARIVI,TINAJERO,GRESS,F
20,MELISSA,DEL TORO,LUEVANO,F
21,VANNESA,UROZA,FUENTEZ,M
22,BERNAT,TENORIO,VILLAMAR,M
23,XOCHILTH,CHIW,OCHOA,F
24,NAIROBI,PERCASTEGUI,KINIL,M
25,AMERICA,CERA,RODAS,F
26,LORELY,SANLUIS,LLAGUNO,M
27,ZAHORI,COBA,Y DURAN,F
28,ODDE,TOXQUI,BRISTOL,F
29,SPENCER,DEANTES,AREBALO,F
30,MIN,LANDETA,GUADERRAMA,F
31,EVERARDO,LAURO,TIZAPAN,M
32,ASHLIN,MARIZ,AGAMA,F
33,YESSENIA,INDILI,ARZETA,M
34,DASHA,PLAZOLA,GUENDOLAY,F
35,YELIEL,SIALIQUI,CHECA,M
36,ITAMAR,AVINA,CUAUHTECATL,M
37,ANDRES,CIRA,NANDEZ,M
38,AZUMI,MEZQUITE,COSGALLA,F
39,JOHANAN,MONTECILLO,DALMAN,M
40,HADAD,ALPIZAR,DILLANES,F
41,HERA,CASILLAS,DE LA SANCHA,F
42,LORETO,BUTANDA,TREVINO,F
43,ELLA,VERAL,GORRA,M
44,YULIAN,ITURBIDE,CEDE�O,M
45,LUVIA,XOTLANIHUA,VILLAMIL,M
46,JOSEP,TAH,REQUENA,F
47,YUNIEL,MALDONADO,ARIZPE,M
48,HELEM,BASORIA,PANDURO,F
49,TERRY,ZAMORAN,CASTILLEROS,M
50,ARONI,BORRAYO,GUAPO,F
51,RAMCES,SISNEROS,NICIO,M
52,ANIEL,MONTA�O,PASTRANO,F
53,AMEYALI,MENTADO,RODR�GUEZ,M
54,YUSSEL,LEDESMA,BANUELOS,M
55,MAGGIE,PEÿALOZA,KUMUL,M
56,BAALAM,FABELA,AUREOLES,M
57,OZAIN,MURIEDAS,CORCINO,F
58,SONNY,VASCONCELOS,ROACHO,M
59,YATANA,TLAPALAMATL,COTERA,F
60,DANAHY,HORTELANO,ACATITLA,M
61,ANGIE,TORREZ,TADEO,F
62,LISSET,VEYNA,PALA,M
63,ATHZIRI,BOLLAS,GANDARA,M
64,NEFI,AVELIZAPA,CLETO,M
65,SEBASTI,LIQUIDANO,RABADAN,M
66,KINNERETH,SANTIZO,ANDRIANO,F
67,ERIBERTO,PORTUGUEZ,ALFARO,M
68,HIROKO,ONOFRE,MAQUEO,F
69,DENYSS,BETANCE,BERISTAIN,M
70,ELIANA,GARC�A,TILAN,M
71,MICKEL,SELVAN,QUI#ONES,M
72,ROSITA,BE,BARRALES,M
73,VAYRON,BARRERO,LUNAR,F
74,ABYGAIL,VITAL,COLORADO,F
75,LAYLA,SILVERIO,LEDEZMA,M
76,JULLIET,VENDRELL,CUADRAS,M
77,JOZEF,JARERO,TEMOLTZI,M
78,EVELYNE,GORRA,REYES,F
79,HAPUC,RAUDA,STGO,F
80,ESTUARDO,PUON,COX,M
81,MIGUEL,MOLLINEDO,DEL CARPIO,F
82,YOJANA,ALEJOS,CEBADA,M
83,LU,OVIEDO,PEDRIN,F
84,HILARY,OCA�O,CASTA�OS,M
85,CRISTINA,KAU,CHIÿAS,M
86,KENNEDY,ALVINO,DE LARA,M
87,DOMIC,CABADA,BERNARDO,F
88,ALI,ANDUJO,SEL,F
89,AILED,CORTEZ,FERRA,F
90,JHOSMAR,XX,ALQUICIRA,M
91,ZENAIDA,MONTALVAN,ROJERO,F
92,INTI,BRANDI,INGLES,F
93,EULISES,FLETES,ELIGIO,M
94,LAYLA,NEGRIN,ALMEJO,F
95,NAYIVE,OLAN,NOVIA,M
96,JOLIE,BERROTERAN,ANLEU,F
97,EUGENE,QUEJ,SARANDINGUA,F
98,SELINA,CHEW,HERNADEZ,M
99,ELOINA,BURGUETE,GUADARRAMA,M
100,SAM,TURIJAN,ABADIA,M
