IDPersona,Correo
63,knarramore0@reddit.com
18,lmullane1@wunderground.com
41,lmcgarel2@timesonline.co.uk
36,btoolan3@ask.com
41,rdonlon4@hibu.com
66,dnovotna5@google.ca
58,sdon6@cmu.edu
34,etollet7@apache.org
42,gkeemer8@google.com
90,tvakhonin9@yale.edu
78,efischera@mozilla.org
43,bsummerillb@dailymail.co.uk
7,nfarmeryc@fotki.com
72,mhousbyd@china.com.cn
20,pblackslande@virginia.edu
36,lwarrenerf@quantcast.com
50,broydeng@nationalgeographic.com
82,ccorwoodh@bandcamp.com
55,gkarlolczaki@ycombinator.com
26,oepinoyj@linkedin.com
79,caslettk@prnewswire.com
14,ggourliel@amazon.co.jp
9,fkillenm@yahoo.com
100,pkinnearn@walmart.com
74,rgrebnero@t.co
67,ggiovannillip@t-online.de
57,kcastelletq@topsy.com
73,csellwoodr@123-reg.co.uk
57,rtomensons@biglobe.ne.jp
54,atrowelt@google.com
77,bgarriqueu@npr.org
3,ikedwardv@bloglovin.com
89,llamckenw@globo.com
19,sdurtnellx@ox.ac.uk
27,dkinchy@istockphoto.com
83,eparsissonz@amazonaws.com
92,jnalder10@opensource.org
70,llhommeau11@ycombinator.com
8,sallaker12@etsy.com
44,dsells13@naver.com
61,fhun14@linkedin.com
79,jauletta15@yandex.ru
11,pjenk16@desdev.cn
69,dsiggins17@yahoo.com
56,ihassen18@dell.com
88,hcullivan19@gmpg.org
71,cmacilriach1a@hao123.com
24,frudgley1b@linkedin.com
82,jbullman1c@fastcompany.com
69,cblais1d@jimdo.com
83,nmckeowon1e@artisteer.com
15,cgibbon1f@prlog.org
35,estudart1g@economist.com
86,oiacofo1h@eventbrite.com
78,rbignell1i@photobucket.com
92,reveritt1j@mac.com
89,uhurley1k@google.ru
73,mcatcheside1l@patch.com
6,bmorsley1m@soup.io
50,kashlee1n@amazon.co.jp
1,ecarlesi1o@ucoz.ru
14,choltaway1p@latimes.com
8,ehaistwell1q@sun.com
83,vtulloch1r@about.com
48,dkimmings1s@cdbaby.com
25,cameerbeg1t@de.vu
79,hsyalvester1u@mlb.com
20,gmcguiness1v@admin.ch
76,salexander1w@mtv.com
21,bborghese1x@topsy.com
53,rwareing1y@deliciousdays.com
48,bvesty1z@freewebs.com
41,sgibbings20@narod.ru
40,jpyecroft21@topsy.com
4,bcayser22@mashable.com
88,lcawthra23@weebly.com
61,estrickland24@phpbb.com
22,mnore25@wordpress.com
38,mvinnick26@jalbum.net
76,aflamank27@desdev.cn
86,bbakhrushkin28@twitpic.com
52,ctytherton29@gnu.org
85,carmand2a@webs.com
95,feberts2b@sohu.com
84,opridden2c@networkadvertising.org
43,lmarl2d@hud.gov
3,aferrarello2e@java.com
53,bpitkeathly2f@cloudflare.com
12,vsoutter2g@discovery.com
23,afinneran2h@mozilla.com
87,cconstant2i@seattletimes.com
59,alind2j@netscape.com
45,evoisey2k@washington.edu
76,dpooley2l@huffingtonpost.com
2,ifouch2m@geocities.jp
56,acurwood2n@blinklist.com
93,lrobathon2o@paypal.com
35,jnettles2p@foxnews.com
93,owratten2q@nature.com
39,pklemt2r@merriam-webster.com
